[
  {
    "name": "Process Start",
    "start": 1626423703555,
    "end": 1626423704199,
    "duration": 644,
    "pid": 18525,
    "index": 0
  },
  {
    "name": "Application Start",
    "start": 1626423704200,
    "end": 1626423705044,
    "duration": 844,
    "pid": 18525,
    "index": 1
  },
  {
    "name": "Load Plugin",
    "start": 1626423704203,
    "end": 1626423704209,
    "duration": 6,
    "pid": 18525,
    "index": 2
  },
  {
    "name": "Load Config",
    "start": 1626423704209,
    "end": 1626423704222,
    "duration": 13,
    "pid": 18525,
    "index": 3
  },
  {
    "name": "Require(0) config/config.default.js",
    "start": 1626423704210,
    "end": 1626423704210,
    "duration": 0,
    "pid": 18525,
    "index": 4
  },
  {
    "name": "Require(1) node_modules/egg-session/config/config.default.js",
    "start": 1626423704211,
    "end": 1626423704211,
    "duration": 0,
    "pid": 18525,
    "index": 5
  },
  {
    "name": "Require(2) node_modules/egg-security/config/config.default.js",
    "start": 1626423704212,
    "end": 1626423704212,
    "duration": 0,
    "pid": 18525,
    "index": 6
  },
  {
    "name": "Require(3) node_modules/egg-jsonp/config/config.default.js",
    "start": 1626423704213,
    "end": 1626423704213,
    "duration": 0,
    "pid": 18525,
    "index": 7
  },
  {
    "name": "Require(4) node_modules/egg-onerror/config/config.default.js",
    "start": 1626423704213,
    "end": 1626423704213,
    "duration": 0,
    "pid": 18525,
    "index": 8
  },
  {
    "name": "Require(5) node_modules/egg-i18n/config/config.default.js",
    "start": 1626423704213,
    "end": 1626423704214,
    "duration": 1,
    "pid": 18525,
    "index": 9
  },
  {
    "name": "Require(6) node_modules/egg-watcher/config/config.default.js",
    "start": 1626423704214,
    "end": 1626423704215,
    "duration": 1,
    "pid": 18525,
    "index": 10
  },
  {
    "name": "Require(7) node_modules/egg-schedule/config/config.default.js",
    "start": 1626423704215,
    "end": 1626423704215,
    "duration": 0,
    "pid": 18525,
    "index": 11
  },
  {
    "name": "Require(8) node_modules/egg-multipart/config/config.default.js",
    "start": 1626423704215,
    "end": 1626423704216,
    "duration": 1,
    "pid": 18525,
    "index": 12
  },
  {
    "name": "Require(9) node_modules/egg-development/config/config.default.js",
    "start": 1626423704216,
    "end": 1626423704216,
    "duration": 0,
    "pid": 18525,
    "index": 13
  },
  {
    "name": "Require(10) node_modules/egg-logrotator/config/config.default.js",
    "start": 1626423704216,
    "end": 1626423704217,
    "duration": 1,
    "pid": 18525,
    "index": 14
  },
  {
    "name": "Require(11) node_modules/egg-static/config/config.default.js",
    "start": 1626423704217,
    "end": 1626423704217,
    "duration": 0,
    "pid": 18525,
    "index": 15
  },
  {
    "name": "Require(12) node_modules/egg-view/config/config.default.js",
    "start": 1626423704217,
    "end": 1626423704217,
    "duration": 0,
    "pid": 18525,
    "index": 16
  },
  {
    "name": "Require(13) node_modules/egg-mongoose/config/config.default.js",
    "start": 1626423704218,
    "end": 1626423704218,
    "duration": 0,
    "pid": 18525,
    "index": 17
  },
  {
    "name": "Require(14) node_modules/egg-validate/config/config.default.js",
    "start": 1626423704218,
    "end": 1626423704218,
    "duration": 0,
    "pid": 18525,
    "index": 18
  },
  {
    "name": "Require(15) node_modules/egg/config/config.default.js",
    "start": 1626423704219,
    "end": 1626423704219,
    "duration": 0,
    "pid": 18525,
    "index": 19
  },
  {
    "name": "Require(16) config/config.default.js",
    "start": 1626423704220,
    "end": 1626423704220,
    "duration": 0,
    "pid": 18525,
    "index": 20
  },
  {
    "name": "Require(17) node_modules/egg-security/config/config.local.js",
    "start": 1626423704220,
    "end": 1626423704220,
    "duration": 0,
    "pid": 18525,
    "index": 21
  },
  {
    "name": "Require(18) node_modules/egg-watcher/config/config.local.js",
    "start": 1626423704221,
    "end": 1626423704221,
    "duration": 0,
    "pid": 18525,
    "index": 22
  },
  {
    "name": "Require(19) node_modules/egg-view/config/config.local.js",
    "start": 1626423704221,
    "end": 1626423704221,
    "duration": 0,
    "pid": 18525,
    "index": 23
  },
  {
    "name": "Require(20) node_modules/egg/config/config.local.js",
    "start": 1626423704222,
    "end": 1626423704222,
    "duration": 0,
    "pid": 18525,
    "index": 24
  },
  {
    "name": "Load extend/application.js",
    "start": 1626423704224,
    "end": 1626423704237,
    "duration": 13,
    "pid": 18525,
    "index": 25
  },
  {
    "name": "Require(21) node_modules/egg-session/app/extend/application.js",
    "start": 1626423704224,
    "end": 1626423704225,
    "duration": 1,
    "pid": 18525,
    "index": 26
  },
  {
    "name": "Require(22) node_modules/egg-security/app/extend/application.js",
    "start": 1626423704225,
    "end": 1626423704226,
    "duration": 1,
    "pid": 18525,
    "index": 27
  },
  {
    "name": "Require(23) node_modules/egg-jsonp/app/extend/application.js",
    "start": 1626423704226,
    "end": 1626423704227,
    "duration": 1,
    "pid": 18525,
    "index": 28
  },
  {
    "name": "Require(24) node_modules/egg-logrotator/app/extend/application.js",
    "start": 1626423704227,
    "end": 1626423704228,
    "duration": 1,
    "pid": 18525,
    "index": 29
  },
  {
    "name": "Require(25) node_modules/egg-view/app/extend/application.js",
    "start": 1626423704229,
    "end": 1626423704230,
    "duration": 1,
    "pid": 18525,
    "index": 30
  },
  {
    "name": "Require(26) app/extend/application.js",
    "start": 1626423704230,
    "end": 1626423704234,
    "duration": 4,
    "pid": 18525,
    "index": 31
  },
  {
    "name": "Load extend/request.js",
    "start": 1626423704237,
    "end": 1626423704240,
    "duration": 3,
    "pid": 18525,
    "index": 32
  },
  {
    "name": "Require(27) node_modules/egg/app/extend/request.js",
    "start": 1626423704238,
    "end": 1626423704239,
    "duration": 1,
    "pid": 18525,
    "index": 33
  },
  {
    "name": "Load extend/response.js",
    "start": 1626423704240,
    "end": 1626423704244,
    "duration": 4,
    "pid": 18525,
    "index": 34
  },
  {
    "name": "Require(28) node_modules/egg/app/extend/response.js",
    "start": 1626423704241,
    "end": 1626423704242,
    "duration": 1,
    "pid": 18525,
    "index": 35
  },
  {
    "name": "Load extend/context.js",
    "start": 1626423704244,
    "end": 1626423704281,
    "duration": 37,
    "pid": 18525,
    "index": 36
  },
  {
    "name": "Require(29) node_modules/egg-security/app/extend/context.js",
    "start": 1626423704244,
    "end": 1626423704249,
    "duration": 5,
    "pid": 18525,
    "index": 37
  },
  {
    "name": "Require(30) node_modules/egg-jsonp/app/extend/context.js",
    "start": 1626423704250,
    "end": 1626423704250,
    "duration": 0,
    "pid": 18525,
    "index": 38
  },
  {
    "name": "Require(31) node_modules/egg-i18n/app/extend/context.js",
    "start": 1626423704250,
    "end": 1626423704251,
    "duration": 1,
    "pid": 18525,
    "index": 39
  },
  {
    "name": "Require(32) node_modules/egg-multipart/app/extend/context.js",
    "start": 1626423704251,
    "end": 1626423704278,
    "duration": 27,
    "pid": 18525,
    "index": 40
  },
  {
    "name": "Require(33) node_modules/egg-view/app/extend/context.js",
    "start": 1626423704278,
    "end": 1626423704279,
    "duration": 1,
    "pid": 18525,
    "index": 41
  },
  {
    "name": "Require(34) node_modules/egg-mongoose/app/extend/context.js",
    "start": 1626423704279,
    "end": 1626423704279,
    "duration": 0,
    "pid": 18525,
    "index": 42
  },
  {
    "name": "Require(35) node_modules/egg-validate/app/extend/context.js",
    "start": 1626423704279,
    "end": 1626423704279,
    "duration": 0,
    "pid": 18525,
    "index": 43
  },
  {
    "name": "Require(36) node_modules/egg/app/extend/context.js",
    "start": 1626423704279,
    "end": 1626423704280,
    "duration": 1,
    "pid": 18525,
    "index": 44
  },
  {
    "name": "Load extend/helper.js",
    "start": 1626423704281,
    "end": 1626423704298,
    "duration": 17,
    "pid": 18525,
    "index": 45
  },
  {
    "name": "Require(37) node_modules/egg-security/app/extend/helper.js",
    "start": 1626423704282,
    "end": 1626423704296,
    "duration": 14,
    "pid": 18525,
    "index": 46
  },
  {
    "name": "Require(38) node_modules/egg/app/extend/helper.js",
    "start": 1626423704297,
    "end": 1626423704297,
    "duration": 0,
    "pid": 18525,
    "index": 47
  },
  {
    "name": "Load app.js",
    "start": 1626423704298,
    "end": 1626423704731,
    "duration": 433,
    "pid": 18525,
    "index": 48
  },
  {
    "name": "Require(39) node_modules/egg-session/app.js",
    "start": 1626423704298,
    "end": 1626423704299,
    "duration": 1,
    "pid": 18525,
    "index": 49
  },
  {
    "name": "Require(40) node_modules/egg-security/app.js",
    "start": 1626423704299,
    "end": 1626423704300,
    "duration": 1,
    "pid": 18525,
    "index": 50
  },
  {
    "name": "Require(41) node_modules/egg-onerror/app.js",
    "start": 1626423704300,
    "end": 1626423704306,
    "duration": 6,
    "pid": 18525,
    "index": 51
  },
  {
    "name": "Require(42) node_modules/egg-i18n/app.js",
    "start": 1626423704306,
    "end": 1626423704316,
    "duration": 10,
    "pid": 18525,
    "index": 52
  },
  {
    "name": "Require(43) node_modules/egg-watcher/app.js",
    "start": 1626423704316,
    "end": 1626423704318,
    "duration": 2,
    "pid": 18525,
    "index": 53
  },
  {
    "name": "Require(44) node_modules/egg-schedule/app.js",
    "start": 1626423704318,
    "end": 1626423704319,
    "duration": 1,
    "pid": 18525,
    "index": 54
  },
  {
    "name": "Require(45) node_modules/egg-multipart/app.js",
    "start": 1626423704319,
    "end": 1626423704320,
    "duration": 1,
    "pid": 18525,
    "index": 55
  },
  {
    "name": "Require(46) node_modules/egg-development/app.js",
    "start": 1626423704320,
    "end": 1626423704321,
    "duration": 1,
    "pid": 18525,
    "index": 56
  },
  {
    "name": "Require(47) node_modules/egg-logrotator/app.js",
    "start": 1626423704321,
    "end": 1626423704322,
    "duration": 1,
    "pid": 18525,
    "index": 57
  },
  {
    "name": "Require(48) node_modules/egg-static/app.js",
    "start": 1626423704322,
    "end": 1626423704323,
    "duration": 1,
    "pid": 18525,
    "index": 58
  },
  {
    "name": "Require(49) node_modules/egg-mongoose/app.js",
    "start": 1626423704323,
    "end": 1626423704324,
    "duration": 1,
    "pid": 18525,
    "index": 59
  },
  {
    "name": "Require(50) node_modules/egg-validate/app.js",
    "start": 1626423704324,
    "end": 1626423704326,
    "duration": 2,
    "pid": 18525,
    "index": 60
  },
  {
    "name": "Require(51) app.js",
    "start": 1626423704327,
    "end": 1626423704731,
    "duration": 404,
    "pid": 18525,
    "index": 61
  },
  {
    "name": "Before Start in node_modules/egg-watcher/lib/init.js:15:14",
    "start": 1626423704740,
    "end": 1626423705036,
    "duration": 296,
    "pid": 18525,
    "index": 62
  },
  {
    "name": "Before Start in node_modules/egg-mongoose/lib/mongoose.js:104:7",
    "start": 1626423704771,
    "end": 1626423705034,
    "duration": 263,
    "pid": 18525,
    "index": 63
  },
  {
    "name": "Before Start in node_modules/egg-mongoose/lib/mongoose.js:52:9",
    "start": 1626423704772,
    "end": 1626423705015,
    "duration": 243,
    "pid": 18525,
    "index": 64
  },
  {
    "name": "Load Service",
    "start": 1626423704772,
    "end": 1626423704791,
    "duration": 19,
    "pid": 18525,
    "index": 65
  },
  {
    "name": "Load \"service\" to Context",
    "start": 1626423704772,
    "end": 1626423704791,
    "duration": 19,
    "pid": 18525,
    "index": 66
  },
  {
    "name": "Load Middleware",
    "start": 1626423704791,
    "end": 1626423704944,
    "duration": 153,
    "pid": 18525,
    "index": 67
  },
  {
    "name": "Load \"middlewares\" to Application",
    "start": 1626423704791,
    "end": 1626423704933,
    "duration": 142,
    "pid": 18525,
    "index": 68
  },
  {
    "name": "Load Controller",
    "start": 1626423704944,
    "end": 1626423704977,
    "duration": 33,
    "pid": 18525,
    "index": 69
  },
  {
    "name": "Load \"controller\" to Application",
    "start": 1626423704944,
    "end": 1626423704976,
    "duration": 32,
    "pid": 18525,
    "index": 70
  },
  {
    "name": "Load Router",
    "start": 1626423704977,
    "end": 1626423704980,
    "duration": 3,
    "pid": 18525,
    "index": 71
  },
  {
    "name": "Require(52) app/router.js",
    "start": 1626423704977,
    "end": 1626423704977,
    "duration": 0,
    "pid": 18525,
    "index": 72
  },
  {
    "name": "Before Start in node_modules/egg-core/lib/egg.js:303:10",
    "start": 1626423704979,
    "end": 1626423705015,
    "duration": 36,
    "pid": 18525,
    "index": 73
  },
  {
    "name": "Load \"model\" to Application",
    "start": 1626423704988,
    "end": 1626423705014,
    "duration": 26,
    "pid": 18525,
    "index": 74
  },
  {
    "name": "Will Ready in app.js:willReady",
    "start": 1626423705036,
    "end": 1626423705038,
    "duration": 2,
    "pid": 18525,
    "index": 75
  }
]